id,first_name,last_name,instagram_current,instagram_found,onlyfans_current,onlyfans_found,twitter_found
1,"Lana","Rhoades","https://instagram.com/lanarhoades","https://www.instagram.com/lanarhoades/?hl=en","https://onlyfans.com/lanarhoades","","https://twitter.com/LanaRhoades/"
2,"Mia","Khalifa","","https://www.instagram.com/miakhalifa/","","https://onlyfans.com/miakhalifa","http://twitter.com/miakhalifa"
3,"Riley","Reid","","","","","https://twitter.com/rileyreidx3"
4,"Mia","Malkova","","","","","https://x.com/Brunavieiraof2"
5,"Angela","White","","Http://Instagram.com/ivethangelx","","","https://twitter.com/angelawhite"
6,"Abella","Danger","","https://www.instagram.com/dangershewrote","","","https://twitter.com/Abella_Danger"
7,"Madison","Ivy","","","","","http://twitter.com/madison420ivy"
8,"Nicole","Aniston","","http://instagram.com/realnicoleaniston","","","http://twitter.com/xNicoleAnistonx"
9,"Brandi","Love","","https://www.instagram.com/lovetroopers","","","http://twitter.com/Brandi_Love"
10,"Alexis","Texas","","http://instagram.com/whitegirlpoliticking","","","https://twitter.com/Alexis_Texas"
11,"Eva","Lovia","","","","","https://twitter.com/fallinlovia"
12,"Dani","Daniels","","http://www.instagram.com/akadanidaniels","","","http://twitter.com/akaDaniDaniels"
13,"Adriana","Chechik","","https://www.instagram.com/officialadrianachechik_/","","","https://twitter.com/adrianachechik"
14,"Asa","Akira","","http://instagram.com/asahole","","","http://twitter.com/AsaAkira"
15,"Lisa","Ann","","http://instagram.com/thereallisaann","","","http://twitter.com/thereallisaann"
16,"Kendra","Lust","","https://www.instagram.com/KendraLust/","","","http://twitter.com/kendralust"
17,"Janice","Griffith","","https://www.instagram.com/rejaniced/?hl=en","","","https://twitter.com/rejaniced"
18,"Emily","Willis","","https://www.instagram.com/emilywillisx3","","","https://twitter.com/emilywillisxoxo"
19,"Gabbie","Carter","","https://www.instagram.com/ailahoverton_/","","","https://twitter.com/imawful69_/"
20,"Autumn","Falls","","https://www.instagram.com/autumnfallsx/","","","https://twitter.com/autumnxxfallsx/"
21,"Elsa","Jean","","https://instagram.com/elsajeansworld","","","https://twitter.com/elsajeanisme"
22,"Lena","Paul","","","","","https://twitter.com/lenaisapeach_"
23,"Valentina","Nappi","","http://instagram.com/instavalentinanappi","","","https://twitter.com/ValeNappi"
24,"Kendra","Sunderland","","","","","https://twitter.com/KSLibraryGirl/"
25,"Peta","Jensen","","","","",""
26,"August","Ames","","https://instagram.com/msmaplefever","","","https://twitter.com/AugustAmesxxx"
27,"Tori","Black","","https://www.instagram.com/toriblackofcl/","","",""
28,"Jessa","Rhodes","","","","","https://twitter.com/missjessarhodes"
29,"Lexi","Belle","","http://instagram.com/omgitslexi","","","http://twitter.com/OMGitsLexi"
30,"Remy","Lacroix","","","","","https://twitter.com/remymeow"
31,"Jynx","Maze","","","","","https://twitter.com/jynxiemazie"
32,"Gianna","Michaels","","https://www.instagram.com/giannamichaels6/","","","http://twitter.com/therealgianna"
33,"Sasha","Grey","","http://instagram.com/sashagrey","","","http://twitter.com/sashagrey"
34,"Jenna","Jameson","","https://instagram.com/jennacantlose","","","http://twitter.com/jennajameson"
35,"Jesse","Jane","","https://www.instagram.com/thejessejane/","","","http://twitter.com/jessejane"
36,"Julia","Ann","","http://instagram.com/therealJuliaAnnlive/","","","https://twitter.com/therealJuliaAnn"
37,"Phoenix","Marie","","https://www.instagram.com/melissapmarizzle","","","http://twitter.com/PMarizzle"
38,"Ava","Addams","","http://instagram.com/theavaaddams","","","http://twitter.com/AvaAddams"
39,"Nikki","Benz","","http://instagram.com/nikkibenz#","","","http://twitter.com/NikkiBenz"
40,"Jayden","Jaymes","","https://www.instagram.com/jaydenmichele/","","","https://twitter.com/JaydenMichele"
41,"Rachel","Starr","","http://instagram.com/rachelstarr","","",""
42,"Bridgette","B","","https://www.instagram.com/thisisbridgetteb/","","",""
43,"Kagney","Linn Karter","","","","",""
44,"Keisha","Grey","","https://instagram.com/littlekeish","","","http://www.twitter.com/littlekeish"
45,"Karlee","Grey","","","","","https://twitter.com/karleegreyxxx"
46,"Alina","Lopez","","https://www.instagram.com/itsalinalopezofficial","","","https://twitter.com/ItsAlinaLopez"
47,"Vina","Sky","","","","","https://twitter.com/vinaskyy?lang=en"
48,"Violet","Myers","","","","","https://twitter.com/violetsaucy"
49,"Skylar","Vox","","","","","https://twitter.com/onlyskylarvox/"
50,"Blake","Blossom","","https://www.instagram.com/blakeblossomxx/","","","https://twitter.com/blkblssm"
101,"Jenna","Haze","","https://instagram.com/jennahaze/","","","https://twitter.com/jennahaze"
102,"Tera","Patrick","","","","","http://twitter.com/tera1patrick"
103,"Briana","Banks","","","","",""
104,"Belladonna","","","","","",""
105,"Stoya","","","","","",""
106,"Kayden","Kross","","https://www.instagram.com/thekaydendaily/","","","https://twitter.com/kayden_kross"
107,"Katsuni","","","","","",""
108,"Tory","Lane","","","","","http://twitter.com/misstorylane"
109,"Silvia","Saint","","https://instagram.com/silviasaint1","","",""
110,"Asia","Carrera","","","","","http://twitter.com/asiacarrera"
111,"Shyla","Stylez","","","","","http://twitter.com/MsShylaStylez"
112,"Sunny","Leone","","https://instagram.com/sunnyleone","","","http://twitter.com/SunnyLeone"
113,"Bree","Olson","","http://instagram.com/breeolson","","","http://twitter.com/BreeOlson"
114,"Faye","Reagan","","https://instagram.com/faye_reagan1","","","http://twitter.com/faye_reagan"
115,"Ashlynn","Brooke","","https://www.instagram.com/ashleyrogerstnd","","","https://twitter.com/imjustash_"
116,"Teanna","Trump","","https://www.instagram.com/itsteannatrump/","","","https://twitter.com/TeannaTrump"
117,"Skin","Diamond","","https://www.instagram.com/rayjoycat/","","","http://twitter.com/Skin_Diamond"
118,"Bonnie","Rotten","","http://instagram.com/officialbonnierotten","","","https://twitter.com/thebonnierotten"
119,"Misty","Stone","","http://instagram.com/mistystonethelegend/","","","http://twitter.com/mistystonexxx"
120,"Jada","Fire","","https://www.instagram.com/jadafire111/","","","http://www.twitter.com/the_jada_fire"
121,"Cherie","DeVille","","","","","http://twitter.com/CherieDeVille"
122,"Cory","Chase","","https://www.instagram.com/mrs.c.chase/","","","https://twitter.com/CoryChaseXXX"
123,"Sara","Jay","","http://instagram.com/officialsarajay#","","","http://twitter.com/SaraJayXXX"
124,"Sophie","Dee","","http://instagram.com/sophiedee","","","https://twitter.com/sophiedee"
125,"Romi","Rain","","http://instagram.com/romirain#","","","https://twitter.com/Romi_Rain"
126,"Alexis","Fawx","","","","","http://twitter.com/AlexisFawx"
127,"Maitland","Ward","","http://instagram.com/maitlandward","","","https://twitter.com/MaitlandWard"
128,"India","Summer","","http://instagram.com/indiasummerplace","","","http://twitter.com/MsIndiaSummer"
129,"Ryan","Conner","","https://instagram.com/ryanconnerofficial","","","http://twitter.com/ryanconner69"
130,"Dee","Williams","","","","","https://twitter.com/DeeWilliamsXXX"
131,"Anikka","Albrite","","http://instagram.com/alotofbritesmiles","","","http://twitter.com/anikkaalbrite"
132,"Raylene","","","","","",""
133,"Hitomi","Tanaka","","https://www.instagram.com/official_hitomitanaka/","","","https://twitter.com/Hitomi_official"
134,"London","River","","","","","https://twitter.com/LondonCRiver"
135,"Sarah","Vandella","","https://www.instagram.com/SarahVandellaLovesU/","","","https://twitter.com/MsSarahVandella"
136,"Richelle","Ryan","","https://www.instagram.com/onlyrichelleryan/","","","http://twitter.com/RICHELLERYAN"
137,"Savana","Styles","","https://www.instagram.com/savanastyles_","","","https://twitter.com/savanastyles"
138,"Eva","Elfie","","","","",""
139,"Liya","Silver","","https://www.instagram.com/yourliya/","","","https://twitter.com/LiyaSilver"
140,"Little","Caprice","","https://www.instagram.com/little.caprice.official/","","","https://twitter.com/LittleCapriceTM"
141,"Jia","Lissa","","https://www.instagram.com/jialissareal/","","","https://twitter.com/Jia_Lissa"
142,"Sweetie","Fox","","https://www.instagram.com/sweetiefox_love/","","","https://twitter.com/SweetieFox1"
143,"Anissa","Kate","","https://www.instagram.com/AnissaKateOff","","","http://twitter.com/anissakate"
144,"Gina","Valentina","","https://www.instagram.com/darealginavalentina/","","","https://twitter.com/GValentinaxxx"
145,"Kelsi","Monroe","","https://www.instagram.com/officialkmig2/","","","https://twitter.com/OfficialKMBooty"
146,"Rose","Monroe","","https://www.instagram.com/rmvenezuelanqueen/","","","https://twitter.com/rosexmonroex"
147,"Ariana","Marie","","https://www.instagram.com/msarianamarie/","","","https://twitter.com/msarianamarie"
148,"Scarlit","Scandal","","https://www.instagram.com/therealscarlitscandal/","","","https://twitter.com/ScarScandal"
149,"Megan","Rain","","https://www.instagram.com/meganlovetome/","","","https://twitter.com/meganmecrazyXX"
150,"Jada","Stevens","","http://instagram.com/2cheekzback","","","https://twitter.com/jadastevens420"
151,"Lauren","Phillips","","https://www.instagram.com/laurenfillsup/","","","https://twitter.com/laurenfillsup"
152,"Charlotte","Stokely","","http://instagram.com/charlottestokely#","","","http://twitter.com/Char_Stokely"
153,"Dillion","Harper","","https://www.instagram.com/dillionharperexclusive_com/","","","http://www.twitter.com/dillionharper"
154,"Kira","Noir","","","","","https://twitter.com/thekiranoir"
155,"Honey","Gold","","http://www.instagram.com/honeygoldxx/","","","http://twitter.com/HoneyGoldxx/"
156,"Xev","Bellringer","","","","",""
157,"A.J.","Applegate","","","","",""
158,"Kenzie","Reeves","","","","","https://twitter.com/itskenziereeves"
159,"Sky","Pierce","","https://www.instagram.com/skypierce_/","","","https://twitter.com/skypierce_/"
160,"Naomi","Swann","","","","","https://twitter.com/Naomi_Swann"
161,"Jill","Kassidy","","https://www.instagram.com/jillkassiidy","","","https://twitter.com/jillkassidyy"
162,"Elena","Koshka","","https://www.instagram.com/therealelenakoshka/","","","https://twitter.com/elenakoshkaxoxo/"
163,"Adria","Rae","","https://www.instagram.com/realadriarae/","","","https://twitter.com/adriaxxrae/"
164,"Eliza","Ibarra","","","","","https://twitter.com/Eliza22Ibarra"
165,"Gia","Derza","","https://www.instagram.com/giaderzamain_/","","","https://twitter.com/giaderza69"
166,"Tru","Kait","","https://www.instagram.com/tru.kait/","","","https://twitter.com/TruKaitx"
167,"Karma","Rx","","","","","https://twitter.com/karma_rx?lang=en"
168,"Alex","Coal","","","","","https://twitter.com/AlexxxCoal?lang=en"
169,"Maddy","O'Reilly","","","","",""
170,"Aidra","Fox","","","","","https://twitter.com/xaidrafoxx/"
171,"Carter","Cruise","","http://instagram.com/cartercruise","","","https://twitter.com/CarterCruise"
172,"Aletta","Ocean","","https://www.instagram.com/alettaoceanofficial1","","","https://twitter.com/ALETTAOCEANXXXX"
173,"Penny","Pax","","https://www.instagram.com/ApoundtoaPenny/","","","https://twitter.com/PennyPax"
174,"Veronica","Rodriguez","","https://www.instagram.com/teamvrod","","","https://twitter.com/LiLVeronicaR"
175,"Luna","Star","","https://instagram.com/flyhighluna","","","https://twitter.com/cutelunastar"
176,"Pristine","Edge","","","","","https://twitter.com/PristineEdgexxx/"
177,"Sinn","Sage","","http://instagram.com/sinnsage1#","","","http://twitter.com/sinnsage"
178,"Daisy","Marie","","http://instagram.com/1daisymarie","","","https://twitter.com/1daisymarie"
179,"Yurizan","Beltran","","http://instagram.com/yurizanluv","","","http://twitter.com/YuriLuv"
180,"Dakota","Skye","","","","","https://twitter.com/dakota_skyexxx"
181,"Lena","Anderson","","https://www.instagram.com/nood_noodles/","","","https://twitter.com/TheLenaAnderson/"
182,"Lucy","Li","","","","","https://twitter.com/LucyLi_Pornstar/"
183,"Sybil","","","","","",""
184,"Foxy","Di","","https://www.instagram.com/foxy__dj","","","https://twitter.com/Foxi_Di"
185,"Emily","Bloom","","","","","https://twitter.com/TheEmilyBloom"
186,"Katrina","Jade","","https://www.instagram.com/officialkatrinjade/","","","https://twitter.com/kj_fetishmodel"
187,"Kleio","Valentien","","http://instagram.com/kleiovalentien/#","","","http://twitter.com/kleiovalentien"
188,"Monique","Alexander","","http://instagram.com/realmoniquealexander","","","http://twitter.com/moniquealexande"
189,"Anna","Bell Peaks","","","","",""
190,"Brooklyn","Chase","","https://www.instagram.com/missbrooklynchase","","","https://twitter.com/Brooklyn_Chase"
191,"Chanel","Preston","","","","","https://twitter.com/ChanelPreston"
192,"Natasha","Nice","","","","","https://twitter.com/BeNiceNatasha"
193,"Ashly","Anderson","","","","",""
194,"Tiffany","Watson","","https://www.instagram.com/therealtiffanywatsonx/","","","https://twitter.com/TiffanyWatsonX"
195,"Bunny","Colby","","","","","https://twitter.com/bunnycolby?lang=en"
196,"Havana","Bleu","","https://www.instagram.com/havanateambleu/","","","https://twitter.com/BleuHavana"
197,"Lulu","Chu","","","","","https://twitter.com/luluchuofficial"
198,"Jane","Wilde","","","","","https://twitter.com/janewildexxx"
199,"Evelyn","Claire","","https://www.instagram.com/luvevelynclaire","","","https://twitter.com/luvevelynclaire"
200,"Haley","Reed","","https://www.instagram.com/thehaleyreed/","","","https://twitter.com/HaleyReedX"
201,"Piper","Perri","","https://instagram.com/piper_perri","","","https://twitter.com/perripiper"
202,"Mandy","Muse","","https://www.instagram.com/realmandymuse_1/?hl=es","","","https://twitter.com/MandyMuse69"
203,"Courtney","Cummz","","https://www.instagram.com/mzgoddesscourtney/","","","http://twitter.com/CourtneyCummz"
204,"Diamond","Foxxx","","https://www.instagram.com/diamond_foxxx/?hl=de","","","https://twitter.com/diamondfoxxx2"
205,"Reagan","Foxx","","https://www.instagram.com/thereaganfoxx/","","","https://twitter.com/TheReaganFoxx"
206,"Kendra","Spade","","https://www.instagram.com/kespade","","","https://www.twitter.com/kendraspade"
207,"Lylith","Lavey","","","","","https://twitter.com/LylithVey"
384,"Audrey","Bitoni","","","","","http://twitter.com/audreybitonix"
422,"Gianna","Dior","","https://www.instagram.com/xoxo_giannadior/","","","https://twitter.com/thegiannadior"
442,"June","Liu","","https://www.instagram.com/juneliusp","","https://onlyfans.com/juneliu?aff=556","https://twitter.com/SpicyGumL"
461,"Leana","Lovings","","https://www.instagram.com/theleanalovings/","","","https://twitter.com/LeanaLovings/"
492,"Rae","Lil Black","","","","",""
672,"Savannah","Bond","","https://www.instagram.com/thesavannahbond/","","","https://twitter.com/savannahbond__"